time,1,2,3,4,5,6,7,8,9,10,11,12,13,14,15,16,17,18,19,20,21,22,23,24,25,26,27,28,29,30,31,32,33,34,35,36,37,38,39,40,41,42,43,44,45,46,47,48,49,50,51,52,53,54,55,56,57,58,59,60,61,62,63,64,65,66,67,68,69,70,71,72,73,74,75,76,77,78,79,80,81,82,83,84,85,86,87,88,89,90,91,92,93,94,95,96,97,98,99,100
2019-06-11 00:00:00+00:00,0.04893201,0.04893201,0.04893201,0.04893201,0.04893201,0.04893201,0.04893201,0.04893201,0.04893201,0.04893201,0.04893201,0.04893201,0.04893201,0.04893201,0.04893201,0.04893201,0.04893201,0.04893201,0.04893201,0.04893201,0.04893201,0.04893201,0.04893201,0.04893201,0.04893201,0.04893201,0.04893201,0.04893201,0.04893201,0.04893201,0.04893201,0.04893201,0.04893201,0.04893201,0.04893201,0.04893201,0.04893201,0.04893201,0.04893201,0.04893201,0.04893201,0.04893201,0.04893201,0.04893201,0.04893201,0.04893201,0.04893201,0.04893201,0.04893201,0.143545652,0.143545652,0.143545652,0.143545652,0.143545652,0.143545652,0.143545652,0.143545652,0.143545652,0.143545652,0.143545652,0.143545652,0.143545652,0.143545652,0.143545652,0.143545652,0.143545652,0.143545652,0.143545652,0.143545652,0.143545652,0.143545652,0.143545652,0.143545652,0.143545652,0.143545652,0.148763844,0.148763844,0.148763844,0.148763844,0.148763844,0.148763844,0.148763844,0.148763844,0.148763844,0.148763844,0.148763844,0.148763844,0.148763844,0.148763844,0.148763844,0.148763844,0.148763844,0.148763844,0.148763844,0.148763844,0.148763844,0.148763844,0.148763844,0.148763844,0.148763844
2019-06-11 00:30:00+00:00,0.048966431,0.048966431,0.048966431,0.048966431,0.048966431,0.048966431,0.048966431,0.048966431,0.048966431,0.048966431,0.048966431,0.048966431,0.048966431,0.048966431,0.048966431,0.048966431,0.048966431,0.048966431,0.048966431,0.048966431,0.048966431,0.048966431,0.048966431,0.048966431,0.048966431,0.048966431,0.048966431,0.048966431,0.048966431,0.048966431,0.048966431,0.048966431,0.048966431,0.048966431,0.048966431,0.048966431,0.048966431,0.048966431,0.048966431,0.048966431,0.048966431,0.048966431,0.048966431,0.048966431,0.048966431,0.048966431,0.048966431,0.048966431,0.048966431,0.202629969,0.202629969,0.202629969,0.202629969,0.202629969,0.202629969,0.202629969,0.202629969,0.202629969,0.202629969,0.202629969,0.202629969,0.202629969,0.202629969,0.202629969,0.202629969,0.202629969,0.202629969,0.202629969,0.202629969,0.202629969,0.202629969,0.202629969,0.202629969,0.202629969,0.202629969,0.098794046,0.098794046,0.098794046,0.098794046,0.098794046,0.098794046,0.098794046,0.098794046,0.098794046,0.098794046,0.098794046,0.098794046,0.098794046,0.098794046,0.098794046,0.098794046,0.098794046,0.098794046,0.098794046,0.098794046,0.098794046,0.098794046,0.098794046,0.098794046,0.098794046
2019-06-11 01:00:00+00:00,0.048781745,0.048781745,0.048781745,0.048781745,0.048781745,0.048781745,0.048781745,0.048781745,0.048781745,0.048781745,0.048781745,0.048781745,0.048781745,0.048781745,0.048781745,0.048781745,0.048781745,0.048781745,0.048781745,0.048781745,0.048781745,0.048781745,0.048781745,0.048781745,0.048781745,0.048781745,0.048781745,0.048781745,0.048781745,0.048781745,0.048781745,0.048781745,0.048781745,0.048781745,0.048781745,0.048781745,0.048781745,0.048781745,0.048781745,0.048781745,0.048781745,0.048781745,0.048781745,0.048781745,0.048781745,0.048781745,0.048781745,0.048781745,0.048781745,0.134999175,0.134999175,0.134999175,0.134999175,0.134999175,0.134999175,0.134999175,0.134999175,0.134999175,0.134999175,0.134999175,0.134999175,0.134999175,0.134999175,0.134999175,0.134999175,0.134999175,0.134999175,0.134999175,0.134999175,0.134999175,0.134999175,0.134999175,0.134999175,0.134999175,0.134999175,0.088886526,0.088886526,0.088886526,0.088886526,0.088886526,0.088886526,0.088886526,0.088886526,0.088886526,0.088886526,0.088886526,0.088886526,0.088886526,0.088886526,0.088886526,0.088886526,0.088886526,0.088886526,0.088886526,0.088886526,0.088886526,0.088886526,0.088886526,0.088886526,0.088886526
2019-06-11 01:30:00+00:00,0.048943283,0.048943283,0.048943283,0.048943283,0.048943283,0.048943283,0.048943283,0.048943283,0.048943283,0.048943283,0.048943283,0.048943283,0.048943283,0.048943283,0.048943283,0.048943283,0.048943283,0.048943283,0.048943283,0.048943283,0.048943283,0.048943283,0.048943283,0.048943283,0.048943283,0.048943283,0.048943283,0.048943283,0.048943283,0.048943283,0.048943283,0.048943283,0.048943283,0.048943283,0.048943283,0.048943283,0.048943283,0.048943283,0.048943283,0.048943283,0.048943283,0.048943283,0.048943283,0.048943283,0.048943283,0.048943283,0.048943283,0.048943283,0.048943283,0.076861643,0.076861643,0.076861643,0.076861643,0.076861643,0.076861643,0.076861643,0.076861643,0.076861643,0.076861643,0.076861643,0.076861643,0.076861643,0.076861643,0.076861643,0.076861643,0.076861643,0.076861643,0.076861643,0.076861643,0.076861643,0.076861643,0.076861643,0.076861643,0.076861643,0.076861643,0.099017047,0.099017047,0.099017047,0.099017047,0.099017047,0.099017047,0.099017047,0.099017047,0.099017047,0.099017047,0.099017047,0.099017047,0.099017047,0.099017047,0.099017047,0.099017047,0.099017047,0.099017047,0.099017047,0.099017047,0.099017047,0.099017047,0.099017047,0.099017047,0.099017047
2019-06-11 02:00:00+00:00,0.048913832,0.048913832,0.048913832,0.048913832,0.048913832,0.048913832,0.048913832,0.048913832,0.048913832,0.048913832,0.048913832,0.048913832,0.048913832,0.048913832,0.048913832,0.048913832,0.048913832,0.048913832,0.048913832,0.048913832,0.048913832,0.048913832,0.048913832,0.048913832,0.048913832,0.048913832,0.048913832,0.048913832,0.048913832,0.048913832,0.048913832,0.048913832,0.048913832,0.048913832,0.048913832,0.048913832,0.048913832,0.048913832,0.048913832,0.048913832,0.048913832,0.048913832,0.048913832,0.048913832,0.048913832,0.048913832,0.048913832,0.048913832,0.048913832,0.104999364,0.104999364,0.104999364,0.104999364,0.104999364,0.104999364,0.104999364,0.104999364,0.104999364,0.104999364,0.104999364,0.104999364,0.104999364,0.104999364,0.104999364,0.104999364,0.104999364,0.104999364,0.104999364,0.104999364,0.104999364,0.104999364,0.104999364,0.104999364,0.104999364,0.104999364,0.090863915,0.090863915,0.090863915,0.090863915,0.090863915,0.090863915,0.090863915,0.090863915,0.090863915,0.090863915,0.090863915,0.090863915,0.090863915,0.090863915,0.090863915,0.090863915,0.090863915,0.090863915,0.090863915,0.090863915,0.090863915,0.090863915,0.090863915,0.090863915,0.090863915
2019-06-11 02:30:00+00:00,0.04937322,0.04937322,0.04937322,0.04937322,0.04937322,0.04937322,0.04937322,0.04937322,0.04937322,0.04937322,0.04937322,0.04937322,0.04937322,0.04937322,0.04937322,0.04937322,0.04937322,0.04937322,0.04937322,0.04937322,0.04937322,0.04937322,0.04937322,0.04937322,0.04937322,0.04937322,0.04937322,0.04937322,0.04937322,0.04937322,0.04937322,0.04937322,0.04937322,0.04937322,0.04937322,0.04937322,0.04937322,0.04937322,0.04937322,0.04937322,0.04937322,0.04937322,0.04937322,0.04937322,0.04937322,0.04937322,0.04937322,0.04937322,0.04937322,0.121868567,0.121868567,0.121868567,0.121868567,0.121868567,0.121868567,0.121868567,0.121868567,0.121868567,0.121868567,0.121868567,0.121868567,0.121868567,0.121868567,0.121868567,0.121868567,0.121868567,0.121868567,0.121868567,0.121868567,0.121868567,0.121868567,0.121868567,0.121868567,0.121868567,0.121868567,0.098937462,0.098937462,0.098937462,0.098937462,0.098937462,0.098937462,0.098937462,0.098937462,0.098937462,0.098937462,0.098937462,0.098937462,0.098937462,0.098937462,0.098937462,0.098937462,0.098937462,0.098937462,0.098937462,0.098937462,0.098937462,0.098937462,0.098937462,0.098937462,0.098937462
2019-06-11 03:00:00+00:00,0.049199173,0.049199173,0.049199173,0.049199173,0.049199173,0.049199173,0.049199173,0.049199173,0.049199173,0.049199173,0.049199173,0.049199173,0.049199173,0.049199173,0.049199173,0.049199173,0.049199173,0.049199173,0.049199173,0.049199173,0.049199173,0.049199173,0.049199173,0.049199173,0.049199173,0.049199173,0.049199173,0.049199173,0.049199173,0.049199173,0.049199173,0.049199173,0.049199173,0.049199173,0.049199173,0.049199173,0.049199173,0.049199173,0.049199173,0.049199173,0.049199173,0.049199173,0.049199173,0.049199173,0.049199173,0.049199173,0.049199173,0.049199173,0.049199173,0.101885541,0.101885541,0.101885541,0.101885541,0.101885541,0.101885541,0.101885541,0.101885541,0.101885541,0.101885541,0.101885541,0.101885541,0.101885541,0.101885541,0.101885541,0.101885541,0.101885541,0.101885541,0.101885541,0.101885541,0.101885541,0.101885541,0.101885541,0.101885541,0.101885541,0.101885541,0.090277494,0.090277494,0.090277494,0.090277494,0.090277494,0.090277494,0.090277494,0.090277494,0.090277494,0.090277494,0.090277494,0.090277494,0.090277494,0.090277494,0.090277494,0.090277494,0.090277494,0.090277494,0.090277494,0.090277494,0.090277494,0.090277494,0.090277494,0.090277494,0.090277494
2019-06-11 03:30:00+00:00,0.049122684,0.049122684,0.049122684,0.049122684,0.049122684,0.049122684,0.049122684,0.049122684,0.049122684,0.049122684,0.049122684,0.049122684,0.049122684,0.049122684,0.049122684,0.049122684,0.049122684,0.049122684,0.049122684,0.049122684,0.049122684,0.049122684,0.049122684,0.049122684,0.049122684,0.049122684,0.049122684,0.049122684,0.049122684,0.049122684,0.049122684,0.049122684,0.049122684,0.049122684,0.049122684,0.049122684,0.049122684,0.049122684,0.049122684,0.049122684,0.049122684,0.049122684,0.049122684,0.049122684,0.049122684,0.049122684,0.049122684,0.049122684,0.049122684,0.077012419,0.077012419,0.077012419,0.077012419,0.077012419,0.077012419,0.077012419,0.077012419,0.077012419,0.077012419,0.077012419,0.077012419,0.077012419,0.077012419,0.077012419,0.077012419,0.077012419,0.077012419,0.077012419,0.077012419,0.077012419,0.077012419,0.077012419,0.077012419,0.077012419,0.077012419,0.101666625,0.101666625,0.101666625,0.101666625,0.101666625,0.101666625,0.101666625,0.101666625,0.101666625,0.101666625,0.101666625,0.101666625,0.101666625,0.101666625,0.101666625,0.101666625,0.101666625,0.101666625,0.101666625,0.101666625,0.101666625,0.101666625,0.101666625,0.101666625,0.101666625
2019-06-11 04:00:00+00:00,0.049367994,0.049367994,0.049367994,0.049367994,0.049367994,0.049367994,0.049367994,0.049367994,0.049367994,0.049367994,0.049367994,0.049367994,0.049367994,0.049367994,0.049367994,0.049367994,0.049367994,0.049367994,0.049367994,0.049367994,0.049367994,0.049367994,0.049367994,0.049367994,0.049367994,0.049367994,0.049367994,0.049367994,0.049367994,0.049367994,0.049367994,0.049367994,0.049367994,0.049367994,0.049367994,0.049367994,0.049367994,0.049367994,0.049367994,0.049367994,0.049367994,0.049367994,0.049367994,0.049367994,0.049367994,0.049367994,0.049367994,0.049367994,0.049367994,0.076510436,0.076510436,0.076510436,0.076510436,0.076510436,0.076510436,0.076510436,0.076510436,0.076510436,0.076510436,0.076510436,0.076510436,0.076510436,0.076510436,0.076510436,0.076510436,0.076510436,0.076510436,0.076510436,0.076510436,0.076510436,0.076510436,0.076510436,0.076510436,0.076510436,0.076510436,0.090165429,0.090165429,0.090165429,0.090165429,0.090165429,0.090165429,0.090165429,0.090165429,0.090165429,0.090165429,0.090165429,0.090165429,0.090165429,0.090165429,0.090165429,0.090165429,0.090165429,0.090165429,0.090165429,0.090165429,0.090165429,0.090165429,0.090165429,0.090165429,0.090165429
2019-06-11 04:30:00+00:00,0.098495917,0.098495917,0.098495917,0.098495917,0.098495917,0.098495917,0.098495917,0.098495917,0.098495917,0.098495917,0.098495917,0.098495917,0.098495917,0.098495917,0.098495917,0.098495917,0.098495917,0.098495917,0.098495917,0.098495917,0.098495917,0.098495917,0.098495917,0.098495917,0.098495917,0.098495917,0.098495917,0.098495917,0.098495917,0.098495917,0.098495917,0.098495917,0.098495917,0.098495917,0.098495917,0.098495917,0.098495917,0.098495917,0.098495917,0.098495917,0.098495917,0.098495917,0.098495917,0.098495917,0.098495917,0.098495917,0.098495917,0.098495917,0.098495917,0.07821102,0.07821102,0.07821102,0.07821102,0.07821102,0.07821102,0.07821102,0.07821102,0.07821102,0.07821102,0.07821102,0.07821102,0.07821102,0.07821102,0.07821102,0.07821102,0.07821102,0.07821102,0.07821102,0.07821102,0.07821102,0.07821102,0.07821102,0.07821102,0.07821102,0.07821102,0.102339904,0.102339904,0.102339904,0.102339904,0.102339904,0.102339904,0.102339904,0.102339904,0.102339904,0.102339904,0.102339904,0.102339904,0.102339904,0.102339904,0.102339904,0.102339904,0.102339904,0.102339904,0.102339904,0.102339904,0.102339904,0.102339904,0.102339904,0.102339904,0.102339904
2019-06-11 05:00:00+00:00,0.092814328,0.092814328,0.092814328,0.092814328,0.092814328,0.092814328,0.092814328,0.092814328,0.092814328,0.092814328,0.092814328,0.092814328,0.092814328,0.092814328,0.092814328,0.092814328,0.092814328,0.092814328,0.092814328,0.092814328,0.092814328,0.092814328,0.092814328,0.092814328,0.092814328,0.092814328,0.092814328,0.092814328,0.092814328,0.092814328,0.092814328,0.092814328,0.092814328,0.092814328,0.092814328,0.092814328,0.092814328,0.092814328,0.092814328,0.092814328,0.092814328,0.092814328,0.092814328,0.092814328,0.092814328,0.092814328,0.092814328,0.092814328,0.092814328,0.043143353,0.043143353,0.043143353,0.043143353,0.043143353,0.043143353,0.043143353,0.043143353,0.043143353,0.043143353,0.043143353,0.043143353,0.043143353,0.043143353,0.043143353,0.043143353,0.043143353,0.043143353,0.043143353,0.043143353,0.043143353,0.043143353,0.043143353,0.043143353,0.043143353,0.043143353,0.05174454,0.05174454,0.05174454,0.05174454,0.05174454,0.05174454,0.05174454,0.05174454,0.05174454,0.05174454,0.05174454,0.05174454,0.05174454,0.05174454,0.05174454,0.05174454,0.05174454,0.05174454,0.05174454,0.05174454,0.05174454,0.05174454,0.05174454,0.05174454,0.05174454
2019-06-11 05:30:00+00:00,0.038159581,0.038159581,0.038159581,0.038159581,0.038159581,0.038159581,0.038159581,0.038159581,0.038159581,0.038159581,0.038159581,0.038159581,0.038159581,0.038159581,0.038159581,0.038159581,0.038159581,0.038159581,0.038159581,0.038159581,0.038159581,0.038159581,0.038159581,0.038159581,0.038159581,0.038159581,0.038159581,0.038159581,0.038159581,0.038159581,0.038159581,0.038159581,0.038159581,0.038159581,0.038159581,0.038159581,0.038159581,0.038159581,0.038159581,0.038159581,0.038159581,0.038159581,0.038159581,0.038159581,0.038159581,0.038159581,0.038159581,0.038159581,0.038159581,0.097329979,0.097329979,0.097329979,0.097329979,0.097329979,0.097329979,0.097329979,0.097329979,0.097329979,0.097329979,0.097329979,0.097329979,0.097329979,0.097329979,0.097329979,0.097329979,0.097329979,0.097329979,0.097329979,0.097329979,0.097329979,0.097329979,0.097329979,0.097329979,0.097329979,0.097329979,0.062611866,0.062611866,0.062611866,0.062611866,0.062611866,0.062611866,0.062611866,0.062611866,0.062611866,0.062611866,0.062611866,0.062611866,0.062611866,0.062611866,0.062611866,0.062611866,0.062611866,0.062611866,0.062611866,0.062611866,0.062611866,0.062611866,0.062611866,0.062611866,0.062611866
2019-06-11 06:00:00+00:00,0.211355167,0.211355167,0.211355167,0.211355167,0.211355167,0.211355167,0.211355167,0.211355167,0.211355167,0.211355167,0.211355167,0.211355167,0.211355167,0.211355167,0.211355167,0.211355167,0.211355167,0.211355167,0.211355167,0.211355167,0.211355167,0.211355167,0.211355167,0.211355167,0.211355167,0.211355167,0.211355167,0.211355167,0.211355167,0.211355167,0.211355167,0.211355167,0.211355167,0.211355167,0.211355167,0.211355167,0.211355167,0.211355167,0.211355167,0.211355167,0.211355167,0.211355167,0.211355167,0.211355167,0.211355167,0.211355167,0.211355167,0.211355167,0.211355167,0.129184685,0.129184685,0.129184685,0.129184685,0.129184685,0.129184685,0.129184685,0.129184685,0.129184685,0.129184685,0.129184685,0.129184685,0.129184685,0.129184685,0.129184685,0.129184685,0.129184685,0.129184685,0.129184685,0.129184685,0.129184685,0.129184685,0.129184685,0.129184685,0.129184685,0.129184685,0.092373168,0.092373168,0.092373168,0.092373168,0.092373168,0.092373168,0.092373168,0.092373168,0.092373168,0.092373168,0.092373168,0.092373168,0.092373168,0.092373168,0.092373168,0.092373168,0.092373168,0.092373168,0.092373168,0.092373168,0.092373168,0.092373168,0.092373168,0.092373168,0.092373168
2019-06-11 06:30:00+00:00,0.625226456,0.625226456,0.625226456,0.625226456,0.625226456,0.625226456,0.625226456,0.625226456,0.625226456,0.625226456,0.625226456,0.625226456,0.625226456,0.625226456,0.625226456,0.625226456,0.625226456,0.625226456,0.625226456,0.625226456,0.625226456,0.625226456,0.625226456,0.625226456,0.625226456,0.625226456,0.625226456,0.625226456,0.625226456,0.625226456,0.625226456,0.625226456,0.625226456,0.625226456,0.625226456,0.625226456,0.625226456,0.625226456,0.625226456,0.625226456,0.625226456,0.625226456,0.625226456,0.625226456,0.625226456,0.625226456,0.625226456,0.625226456,0.625226456,0.076644873,0.076644873,0.076644873,0.076644873,0.076644873,0.076644873,0.076644873,0.076644873,0.076644873,0.076644873,0.076644873,0.076644873,0.076644873,0.076644873,0.076644873,0.076644873,0.076644873,0.076644873,0.076644873,0.076644873,0.076644873,0.076644873,0.076644873,0.076644873,0.076644873,0.076644873,0.101229227,0.101229227,0.101229227,0.101229227,0.101229227,0.101229227,0.101229227,0.101229227,0.101229227,0.101229227,0.101229227,0.101229227,0.101229227,0.101229227,0.101229227,0.101229227,0.101229227,0.101229227,0.101229227,0.101229227,0.101229227,0.101229227,0.101229227,0.101229227,0.101229227
2019-06-11 07:00:00+00:00,0.08603005,0.08603005,0.08603005,0.08603005,0.08603005,0.08603005,0.08603005,0.08603005,0.08603005,0.08603005,0.08603005,0.08603005,0.08603005,0.08603005,0.08603005,0.08603005,0.08603005,0.08603005,0.08603005,0.08603005,0.08603005,0.08603005,0.08603005,0.08603005,0.08603005,0.08603005,0.08603005,0.08603005,0.08603005,0.08603005,0.08603005,0.08603005,0.08603005,0.08603005,0.08603005,0.08603005,0.08603005,0.08603005,0.08603005,0.08603005,0.08603005,0.08603005,0.08603005,0.08603005,0.08603005,0.08603005,0.08603005,0.08603005,0.08603005,0.079828471,0.079828471,0.079828471,0.079828471,0.079828471,0.079828471,0.079828471,0.079828471,0.079828471,0.079828471,0.079828471,0.079828471,0.079828471,0.079828471,0.079828471,0.079828471,0.079828471,0.079828471,0.079828471,0.079828471,0.079828471,0.079828471,0.079828471,0.079828471,0.079828471,0.079828471,0.118353281,0.118353281,0.118353281,0.118353281,0.118353281,0.118353281,0.118353281,0.118353281,0.118353281,0.118353281,0.118353281,0.118353281,0.118353281,0.118353281,0.118353281,0.118353281,0.118353281,0.118353281,0.118353281,0.118353281,0.118353281,0.118353281,0.118353281,0.118353281,0.118353281
2019-06-11 07:30:00+00:00,0.061263421,0.061263421,0.061263421,0.061263421,0.061263421,0.061263421,0.061263421,0.061263421,0.061263421,0.061263421,0.061263421,0.061263421,0.061263421,0.061263421,0.061263421,0.061263421,0.061263421,0.061263421,0.061263421,0.061263421,0.061263421,0.061263421,0.061263421,0.061263421,0.061263421,0.061263421,0.061263421,0.061263421,0.061263421,0.061263421,0.061263421,0.061263421,0.061263421,0.061263421,0.061263421,0.061263421,0.061263421,0.061263421,0.061263421,0.061263421,0.061263421,0.061263421,0.061263421,0.061263421,0.061263421,0.061263421,0.061263421,0.061263421,0.061263421,0.122949135,0.122949135,0.122949135,0.122949135,0.122949135,0.122949135,0.122949135,0.122949135,0.122949135,0.122949135,0.122949135,0.122949135,0.122949135,0.122949135,0.122949135,0.122949135,0.122949135,0.122949135,0.122949135,0.122949135,0.122949135,0.122949135,0.122949135,0.122949135,0.122949135,0.122949135,0.188256295,0.188256295,0.188256295,0.188256295,0.188256295,0.188256295,0.188256295,0.188256295,0.188256295,0.188256295,0.188256295,0.188256295,0.188256295,0.188256295,0.188256295,0.188256295,0.188256295,0.188256295,0.188256295,0.188256295,0.188256295,0.188256295,0.188256295,0.188256295,0.188256295
2019-06-11 08:00:00+00:00,0.336315291,0.336315291,0.336315291,0.336315291,0.336315291,0.336315291,0.336315291,0.336315291,0.336315291,0.336315291,0.336315291,0.336315291,0.336315291,0.336315291,0.336315291,0.336315291,0.336315291,0.336315291,0.336315291,0.336315291,0.336315291,0.336315291,0.336315291,0.336315291,0.336315291,0.336315291,0.336315291,0.336315291,0.336315291,0.336315291,0.336315291,0.336315291,0.336315291,0.336315291,0.336315291,0.336315291,0.336315291,0.336315291,0.336315291,0.336315291,0.336315291,0.336315291,0.336315291,0.336315291,0.336315291,0.336315291,0.336315291,0.336315291,0.336315291,0.110608428,0.110608428,0.110608428,0.110608428,0.110608428,0.110608428,0.110608428,0.110608428,0.110608428,0.110608428,0.110608428,0.110608428,0.110608428,0.110608428,0.110608428,0.110608428,0.110608428,0.110608428,0.110608428,0.110608428,0.110608428,0.110608428,0.110608428,0.110608428,0.110608428,0.110608428,0.178274329,0.178274329,0.178274329,0.178274329,0.178274329,0.178274329,0.178274329,0.178274329,0.178274329,0.178274329,0.178274329,0.178274329,0.178274329,0.178274329,0.178274329,0.178274329,0.178274329,0.178274329,0.178274329,0.178274329,0.178274329,0.178274329,0.178274329,0.178274329,0.178274329
2019-06-11 08:30:00+00:00,0.388400074,0.388400074,0.388400074,0.388400074,0.388400074,0.388400074,0.388400074,0.388400074,0.388400074,0.388400074,0.388400074,0.388400074,0.388400074,0.388400074,0.388400074,0.388400074,0.388400074,0.388400074,0.388400074,0.388400074,0.388400074,0.388400074,0.388400074,0.388400074,0.388400074,0.388400074,0.388400074,0.388400074,0.388400074,0.388400074,0.388400074,0.388400074,0.388400074,0.388400074,0.388400074,0.388400074,0.388400074,0.388400074,0.388400074,0.388400074,0.388400074,0.388400074,0.388400074,0.388400074,0.388400074,0.388400074,0.388400074,0.388400074,0.388400074,0.077851325,0.077851325,0.077851325,0.077851325,0.077851325,0.077851325,0.077851325,0.077851325,0.077851325,0.077851325,0.077851325,0.077851325,0.077851325,0.077851325,0.077851325,0.077851325,0.077851325,0.077851325,0.077851325,0.077851325,0.077851325,0.077851325,0.077851325,0.077851325,0.077851325,0.077851325,0.196864503,0.196864503,0.196864503,0.196864503,0.196864503,0.196864503,0.196864503,0.196864503,0.196864503,0.196864503,0.196864503,0.196864503,0.196864503,0.196864503,0.196864503,0.196864503,0.196864503,0.196864503,0.196864503,0.196864503,0.196864503,0.196864503,0.196864503,0.196864503,0.196864503
2019-06-11 09:00:00+00:00,0.713287995,0.713287995,0.713287995,0.713287995,0.713287995,0.713287995,0.713287995,0.713287995,0.713287995,0.713287995,0.713287995,0.713287995,0.713287995,0.713287995,0.713287995,0.713287995,0.713287995,0.713287995,0.713287995,0.713287995,0.713287995,0.713287995,0.713287995,0.713287995,0.713287995,0.713287995,0.713287995,0.713287995,0.713287995,0.713287995,0.713287995,0.713287995,0.713287995,0.713287995,0.713287995,0.713287995,0.713287995,0.713287995,0.713287995,0.713287995,0.713287995,0.713287995,0.713287995,0.713287995,0.713287995,0.713287995,0.713287995,0.713287995,0.713287995,0.078065748,0.078065748,0.078065748,0.078065748,0.078065748,0.078065748,0.078065748,0.078065748,0.078065748,0.078065748,0.078065748,0.078065748,0.078065748,0.078065748,0.078065748,0.078065748,0.078065748,0.078065748,0.078065748,0.078065748,0.078065748,0.078065748,0.078065748,0.078065748,0.078065748,0.078065748,0.146814894,0.146814894,0.146814894,0.146814894,0.146814894,0.146814894,0.146814894,0.146814894,0.146814894,0.146814894,0.146814894,0.146814894,0.146814894,0.146814894,0.146814894,0.146814894,0.146814894,0.146814894,0.146814894,0.146814894,0.146814894,0.146814894,0.146814894,0.146814894,0.146814894
2019-06-11 09:30:00+00:00,0.883655895,0.883655895,0.883655895,0.883655895,0.883655895,0.883655895,0.883655895,0.883655895,0.883655895,0.883655895,0.883655895,0.883655895,0.883655895,0.883655895,0.883655895,0.883655895,0.883655895,0.883655895,0.883655895,0.883655895,0.883655895,0.883655895,0.883655895,0.883655895,0.883655895,0.883655895,0.883655895,0.883655895,0.883655895,0.883655895,0.883655895,0.883655895,0.883655895,0.883655895,0.883655895,0.883655895,0.883655895,0.883655895,0.883655895,0.883655895,0.883655895,0.883655895,0.883655895,0.883655895,0.883655895,0.883655895,0.883655895,0.883655895,0.883655895,0.077558681,0.077558681,0.077558681,0.077558681,0.077558681,0.077558681,0.077558681,0.077558681,0.077558681,0.077558681,0.077558681,0.077558681,0.077558681,0.077558681,0.077558681,0.077558681,0.077558681,0.077558681,0.077558681,0.077558681,0.077558681,0.077558681,0.077558681,0.077558681,0.077558681,0.077558681,1.064195748,1.064195748,1.064195748,1.064195748,1.064195748,1.064195748,1.064195748,1.064195748,1.064195748,1.064195748,1.064195748,1.064195748,1.064195748,1.064195748,1.064195748,1.064195748,1.064195748,1.064195748,1.064195748,1.064195748,1.064195748,1.064195748,1.064195748,1.064195748,1.064195748
2019-06-11 10:00:00+00:00,0.903129841,0.903129841,0.903129841,0.903129841,0.903129841,0.903129841,0.903129841,0.903129841,0.903129841,0.903129841,0.903129841,0.903129841,0.903129841,0.903129841,0.903129841,0.903129841,0.903129841,0.903129841,0.903129841,0.903129841,0.903129841,0.903129841,0.903129841,0.903129841,0.903129841,0.903129841,0.903129841,0.903129841,0.903129841,0.903129841,0.903129841,0.903129841,0.903129841,0.903129841,0.903129841,0.903129841,0.903129841,0.903129841,0.903129841,0.903129841,0.903129841,0.903129841,0.903129841,0.903129841,0.903129841,0.903129841,0.903129841,0.903129841,0.903129841,0.084350893,0.084350893,0.084350893,0.084350893,0.084350893,0.084350893,0.084350893,0.084350893,0.084350893,0.084350893,0.084350893,0.084350893,0.084350893,0.084350893,0.084350893,0.084350893,0.084350893,0.084350893,0.084350893,0.084350893,0.084350893,0.084350893,0.084350893,0.084350893,0.084350893,0.084350893,0.420267526,0.420267526,0.420267526,0.420267526,0.420267526,0.420267526,0.420267526,0.420267526,0.420267526,0.420267526,0.420267526,0.420267526,0.420267526,0.420267526,0.420267526,0.420267526,0.420267526,0.420267526,0.420267526,0.420267526,0.420267526,0.420267526,0.420267526,0.420267526,0.420267526
2019-06-11 10:30:00+00:00,0.507349752,0.507349752,0.507349752,0.507349752,0.507349752,0.507349752,0.507349752,0.507349752,0.507349752,0.507349752,0.507349752,0.507349752,0.507349752,0.507349752,0.507349752,0.507349752,0.507349752,0.507349752,0.507349752,0.507349752,0.507349752,0.507349752,0.507349752,0.507349752,0.507349752,0.507349752,0.507349752,0.507349752,0.507349752,0.507349752,0.507349752,0.507349752,0.507349752,0.507349752,0.507349752,0.507349752,0.507349752,0.507349752,0.507349752,0.507349752,0.507349752,0.507349752,0.507349752,0.507349752,0.507349752,0.507349752,0.507349752,0.507349752,0.507349752,0.136972051,0.136972051,0.136972051,0.136972051,0.136972051,0.136972051,0.136972051,0.136972051,0.136972051,0.136972051,0.136972051,0.136972051,0.136972051,0.136972051,0.136972051,0.136972051,0.136972051,0.136972051,0.136972051,0.136972051,0.136972051,0.136972051,0.136972051,0.136972051,0.136972051,0.136972051,0.216946592,0.216946592,0.216946592,0.216946592,0.216946592,0.216946592,0.216946592,0.216946592,0.216946592,0.216946592,0.216946592,0.216946592,0.216946592,0.216946592,0.216946592,0.216946592,0.216946592,0.216946592,0.216946592,0.216946592,0.216946592,0.216946592,0.216946592,0.216946592,0.216946592
2019-06-11 11:00:00+00:00,0.32581213,0.32581213,0.32581213,0.32581213,0.32581213,0.32581213,0.32581213,0.32581213,0.32581213,0.32581213,0.32581213,0.32581213,0.32581213,0.32581213,0.32581213,0.32581213,0.32581213,0.32581213,0.32581213,0.32581213,0.32581213,0.32581213,0.32581213,0.32581213,0.32581213,0.32581213,0.32581213,0.32581213,0.32581213,0.32581213,0.32581213,0.32581213,0.32581213,0.32581213,0.32581213,0.32581213,0.32581213,0.32581213,0.32581213,0.32581213,0.32581213,0.32581213,0.32581213,0.32581213,0.32581213,0.32581213,0.32581213,0.32581213,0.32581213,0.134850005,0.134850005,0.134850005,0.134850005,0.134850005,0.134850005,0.134850005,0.134850005,0.134850005,0.134850005,0.134850005,0.134850005,0.134850005,0.134850005,0.134850005,0.134850005,0.134850005,0.134850005,0.134850005,0.134850005,0.134850005,0.134850005,0.134850005,0.134850005,0.134850005,0.134850005,0.194674295,0.194674295,0.194674295,0.194674295,0.194674295,0.194674295,0.194674295,0.194674295,0.194674295,0.194674295,0.194674295,0.194674295,0.194674295,0.194674295,0.194674295,0.194674295,0.194674295,0.194674295,0.194674295,0.194674295,0.194674295,0.194674295,0.194674295,0.194674295,0.194674295
2019-06-11 11:30:00+00:00,0.402639112,0.402639112,0.402639112,0.402639112,0.402639112,0.402639112,0.402639112,0.402639112,0.402639112,0.402639112,0.402639112,0.402639112,0.402639112,0.402639112,0.402639112,0.402639112,0.402639112,0.402639112,0.402639112,0.402639112,0.402639112,0.402639112,0.402639112,0.402639112,0.402639112,0.402639112,0.402639112,0.402639112,0.402639112,0.402639112,0.402639112,0.402639112,0.402639112,0.402639112,0.402639112,0.402639112,0.402639112,0.402639112,0.402639112,0.402639112,0.402639112,0.402639112,0.402639112,0.402639112,0.402639112,0.402639112,0.402639112,0.402639112,0.402639112,0.07748309,0.07748309,0.07748309,0.07748309,0.07748309,0.07748309,0.07748309,0.07748309,0.07748309,0.07748309,0.07748309,0.07748309,0.07748309,0.07748309,0.07748309,0.07748309,0.07748309,0.07748309,0.07748309,0.07748309,0.07748309,0.07748309,0.07748309,0.07748309,0.07748309,0.07748309,0.325165543,0.325165543,0.325165543,0.325165543,0.325165543,0.325165543,0.325165543,0.325165543,0.325165543,0.325165543,0.325165543,0.325165543,0.325165543,0.325165543,0.325165543,0.325165543,0.325165543,0.325165543,0.325165543,0.325165543,0.325165543,0.325165543,0.325165543,0.325165543,0.325165543
2019-06-11 12:00:00+00:00,1.928983597,1.928983597,1.928983597,1.928983597,1.928983597,1.928983597,1.928983597,1.928983597,1.928983597,1.928983597,1.928983597,1.928983597,1.928983597,1.928983597,1.928983597,1.928983597,1.928983597,1.928983597,1.928983597,1.928983597,1.928983597,1.928983597,1.928983597,1.928983597,1.928983597,1.928983597,1.928983597,1.928983597,1.928983597,1.928983597,1.928983597,1.928983597,1.928983597,1.928983597,1.928983597,1.928983597,1.928983597,1.928983597,1.928983597,1.928983597,1.928983597,1.928983597,1.928983597,1.928983597,1.928983597,1.928983597,1.928983597,1.928983597,1.928983597,0.116618501,0.116618501,0.116618501,0.116618501,0.116618501,0.116618501,0.116618501,0.116618501,0.116618501,0.116618501,0.116618501,0.116618501,0.116618501,0.116618501,0.116618501,0.116618501,0.116618501,0.116618501,0.116618501,0.116618501,0.116618501,0.116618501,0.116618501,0.116618501,0.116618501,0.116618501,0.124030534,0.124030534,0.124030534,0.124030534,0.124030534,0.124030534,0.124030534,0.124030534,0.124030534,0.124030534,0.124030534,0.124030534,0.124030534,0.124030534,0.124030534,0.124030534,0.124030534,0.124030534,0.124030534,0.124030534,0.124030534,0.124030534,0.124030534,0.124030534,0.124030534
2019-06-11 12:30:00+00:00,1.271157592,1.271157592,1.271157592,1.271157592,1.271157592,1.271157592,1.271157592,1.271157592,1.271157592,1.271157592,1.271157592,1.271157592,1.271157592,1.271157592,1.271157592,1.271157592,1.271157592,1.271157592,1.271157592,1.271157592,1.271157592,1.271157592,1.271157592,1.271157592,1.271157592,1.271157592,1.271157592,1.271157592,1.271157592,1.271157592,1.271157592,1.271157592,1.271157592,1.271157592,1.271157592,1.271157592,1.271157592,1.271157592,1.271157592,1.271157592,1.271157592,1.271157592,1.271157592,1.271157592,1.271157592,1.271157592,1.271157592,1.271157592,1.271157592,0.122815619,0.122815619,0.122815619,0.122815619,0.122815619,0.122815619,0.122815619,0.122815619,0.122815619,0.122815619,0.122815619,0.122815619,0.122815619,0.122815619,0.122815619,0.122815619,0.122815619,0.122815619,0.122815619,0.122815619,0.122815619,0.122815619,0.122815619,0.122815619,0.122815619,0.122815619,0.101641106,0.101641106,0.101641106,0.101641106,0.101641106,0.101641106,0.101641106,0.101641106,0.101641106,0.101641106,0.101641106,0.101641106,0.101641106,0.101641106,0.101641106,0.101641106,0.101641106,0.101641106,0.101641106,0.101641106,0.101641106,0.101641106,0.101641106,0.101641106,0.101641106
2019-06-11 13:00:00+00:00,1.247484476,1.247484476,1.247484476,1.247484476,1.247484476,1.247484476,1.247484476,1.247484476,1.247484476,1.247484476,1.247484476,1.247484476,1.247484476,1.247484476,1.247484476,1.247484476,1.247484476,1.247484476,1.247484476,1.247484476,1.247484476,1.247484476,1.247484476,1.247484476,1.247484476,1.247484476,1.247484476,1.247484476,1.247484476,1.247484476,1.247484476,1.247484476,1.247484476,1.247484476,1.247484476,1.247484476,1.247484476,1.247484476,1.247484476,1.247484476,1.247484476,1.247484476,1.247484476,1.247484476,1.247484476,1.247484476,1.247484476,1.247484476,1.247484476,0.08840944,0.08840944,0.08840944,0.08840944,0.08840944,0.08840944,0.08840944,0.08840944,0.08840944,0.08840944,0.08840944,0.08840944,0.08840944,0.08840944,0.08840944,0.08840944,0.08840944,0.08840944,0.08840944,0.08840944,0.08840944,0.08840944,0.08840944,0.08840944,0.08840944,0.08840944,0.189036364,0.189036364,0.189036364,0.189036364,0.189036364,0.189036364,0.189036364,0.189036364,0.189036364,0.189036364,0.189036364,0.189036364,0.189036364,0.189036364,0.189036364,0.189036364,0.189036364,0.189036364,0.189036364,0.189036364,0.189036364,0.189036364,0.189036364,0.189036364,0.189036364
2019-06-11 13:30:00+00:00,0.794254964,0.794254964,0.794254964,0.794254964,0.794254964,0.794254964,0.794254964,0.794254964,0.794254964,0.794254964,0.794254964,0.794254964,0.794254964,0.794254964,0.794254964,0.794254964,0.794254964,0.794254964,0.794254964,0.794254964,0.794254964,0.794254964,0.794254964,0.794254964,0.794254964,0.794254964,0.794254964,0.794254964,0.794254964,0.794254964,0.794254964,0.794254964,0.794254964,0.794254964,0.794254964,0.794254964,0.794254964,0.794254964,0.794254964,0.794254964,0.794254964,0.794254964,0.794254964,0.794254964,0.794254964,0.794254964,0.794254964,0.794254964,0.794254964,0.078780091,0.078780091,0.078780091,0.078780091,0.078780091,0.078780091,0.078780091,0.078780091,0.078780091,0.078780091,0.078780091,0.078780091,0.078780091,0.078780091,0.078780091,0.078780091,0.078780091,0.078780091,0.078780091,0.078780091,0.078780091,0.078780091,0.078780091,0.078780091,0.078780091,0.078780091,2.373961995,2.373961995,2.373961995,2.373961995,2.373961995,2.373961995,2.373961995,2.373961995,2.373961995,2.373961995,2.373961995,2.373961995,2.373961995,2.373961995,2.373961995,2.373961995,2.373961995,2.373961995,2.373961995,2.373961995,2.373961995,2.373961995,2.373961995,2.373961995,2.373961995
2019-06-11 14:00:00+00:00,0.114939517,0.114939517,0.114939517,0.114939517,0.114939517,0.114939517,0.114939517,0.114939517,0.114939517,0.114939517,0.114939517,0.114939517,0.114939517,0.114939517,0.114939517,0.114939517,0.114939517,0.114939517,0.114939517,0.114939517,0.114939517,0.114939517,0.114939517,0.114939517,0.114939517,0.114939517,0.114939517,0.114939517,0.114939517,0.114939517,0.114939517,0.114939517,0.114939517,0.114939517,0.114939517,0.114939517,0.114939517,0.114939517,0.114939517,0.114939517,0.114939517,0.114939517,0.114939517,0.114939517,0.114939517,0.114939517,0.114939517,0.114939517,0.114939517,0.077707634,0.077707634,0.077707634,0.077707634,0.077707634,0.077707634,0.077707634,0.077707634,0.077707634,0.077707634,0.077707634,0.077707634,0.077707634,0.077707634,0.077707634,0.077707634,0.077707634,0.077707634,0.077707634,0.077707634,0.077707634,0.077707634,0.077707634,0.077707634,0.077707634,0.077707634,0.186457249,0.186457249,0.186457249,0.186457249,0.186457249,0.186457249,0.186457249,0.186457249,0.186457249,0.186457249,0.186457249,0.186457249,0.186457249,0.186457249,0.186457249,0.186457249,0.186457249,0.186457249,0.186457249,0.186457249,0.186457249,0.186457249,0.186457249,0.186457249,0.186457249
2019-06-11 14:30:00+00:00,0.81202465,0.81202465,0.81202465,0.81202465,0.81202465,0.81202465,0.81202465,0.81202465,0.81202465,0.81202465,0.81202465,0.81202465,0.81202465,0.81202465,0.81202465,0.81202465,0.81202465,0.81202465,0.81202465,0.81202465,0.81202465,0.81202465,0.81202465,0.81202465,0.81202465,0.81202465,0.81202465,0.81202465,0.81202465,0.81202465,0.81202465,0.81202465,0.81202465,0.81202465,0.81202465,0.81202465,0.81202465,0.81202465,0.81202465,0.81202465,0.81202465,0.81202465,0.81202465,0.81202465,0.81202465,0.81202465,0.81202465,0.81202465,0.81202465,0.077020943,0.077020943,0.077020943,0.077020943,0.077020943,0.077020943,0.077020943,0.077020943,0.077020943,0.077020943,0.077020943,0.077020943,0.077020943,0.077020943,0.077020943,0.077020943,0.077020943,0.077020943,0.077020943,0.077020943,0.077020943,0.077020943,0.077020943,0.077020943,0.077020943,0.077020943,0.13912782,0.13912782,0.13912782,0.13912782,0.13912782,0.13912782,0.13912782,0.13912782,0.13912782,0.13912782,0.13912782,0.13912782,0.13912782,0.13912782,0.13912782,0.13912782,0.13912782,0.13912782,0.13912782,0.13912782,0.13912782,0.13912782,0.13912782,0.13912782,0.13912782
2019-06-11 15:00:00+00:00,1.870549509,1.870549509,1.870549509,1.870549509,1.870549509,1.870549509,1.870549509,1.870549509,1.870549509,1.870549509,1.870549509,1.870549509,1.870549509,1.870549509,1.870549509,1.870549509,1.870549509,1.870549509,1.870549509,1.870549509,1.870549509,1.870549509,1.870549509,1.870549509,1.870549509,1.870549509,1.870549509,1.870549509,1.870549509,1.870549509,1.870549509,1.870549509,1.870549509,1.870549509,1.870549509,1.870549509,1.870549509,1.870549509,1.870549509,1.870549509,1.870549509,1.870549509,1.870549509,1.870549509,1.870549509,1.870549509,1.870549509,1.870549509,1.870549509,0.077163988,0.077163988,0.077163988,0.077163988,0.077163988,0.077163988,0.077163988,0.077163988,0.077163988,0.077163988,0.077163988,0.077163988,0.077163988,0.077163988,0.077163988,0.077163988,0.077163988,0.077163988,0.077163988,0.077163988,0.077163988,0.077163988,0.077163988,0.077163988,0.077163988,0.077163988,0.102056559,0.102056559,0.102056559,0.102056559,0.102056559,0.102056559,0.102056559,0.102056559,0.102056559,0.102056559,0.102056559,0.102056559,0.102056559,0.102056559,0.102056559,0.102056559,0.102056559,0.102056559,0.102056559,0.102056559,0.102056559,0.102056559,0.102056559,0.102056559,0.102056559
2019-06-11 15:30:00+00:00,0.860360407,0.860360407,0.860360407,0.860360407,0.860360407,0.860360407,0.860360407,0.860360407,0.860360407,0.860360407,0.860360407,0.860360407,0.860360407,0.860360407,0.860360407,0.860360407,0.860360407,0.860360407,0.860360407,0.860360407,0.860360407,0.860360407,0.860360407,0.860360407,0.860360407,0.860360407,0.860360407,0.860360407,0.860360407,0.860360407,0.860360407,0.860360407,0.860360407,0.860360407,0.860360407,0.860360407,0.860360407,0.860360407,0.860360407,0.860360407,0.860360407,0.860360407,0.860360407,0.860360407,0.860360407,0.860360407,0.860360407,0.860360407,0.860360407,1.040849359,1.040849359,1.040849359,1.040849359,1.040849359,1.040849359,1.040849359,1.040849359,1.040849359,1.040849359,1.040849359,1.040849359,1.040849359,1.040849359,1.040849359,1.040849359,1.040849359,1.040849359,1.040849359,1.040849359,1.040849359,1.040849359,1.040849359,1.040849359,1.040849359,1.040849359,0.115457981,0.115457981,0.115457981,0.115457981,0.115457981,0.115457981,0.115457981,0.115457981,0.115457981,0.115457981,0.115457981,0.115457981,0.115457981,0.115457981,0.115457981,0.115457981,0.115457981,0.115457981,0.115457981,0.115457981,0.115457981,0.115457981,0.115457981,0.115457981,0.115457981
2019-06-11 16:00:00+00:00,0.8020813,0.8020813,0.8020813,0.8020813,0.8020813,0.8020813,0.8020813,0.8020813,0.8020813,0.8020813,0.8020813,0.8020813,0.8020813,0.8020813,0.8020813,0.8020813,0.8020813,0.8020813,0.8020813,0.8020813,0.8020813,0.8020813,0.8020813,0.8020813,0.8020813,0.8020813,0.8020813,0.8020813,0.8020813,0.8020813,0.8020813,0.8020813,0.8020813,0.8020813,0.8020813,0.8020813,0.8020813,0.8020813,0.8020813,0.8020813,0.8020813,0.8020813,0.8020813,0.8020813,0.8020813,0.8020813,0.8020813,0.8020813,0.8020813,2.183879392,2.183879392,2.183879392,2.183879392,2.183879392,2.183879392,2.183879392,2.183879392,2.183879392,2.183879392,2.183879392,2.183879392,2.183879392,2.183879392,2.183879392,2.183879392,2.183879392,2.183879392,2.183879392,2.183879392,2.183879392,2.183879392,2.183879392,2.183879392,2.183879392,2.183879392,0.124763436,0.124763436,0.124763436,0.124763436,0.124763436,0.124763436,0.124763436,0.124763436,0.124763436,0.124763436,0.124763436,0.124763436,0.124763436,0.124763436,0.124763436,0.124763436,0.124763436,0.124763436,0.124763436,0.124763436,0.124763436,0.124763436,0.124763436,0.124763436,0.124763436
2019-06-11 16:30:00+00:00,0.098465967,0.098465967,0.098465967,0.098465967,0.098465967,0.098465967,0.098465967,0.098465967,0.098465967,0.098465967,0.098465967,0.098465967,0.098465967,0.098465967,0.098465967,0.098465967,0.098465967,0.098465967,0.098465967,0.098465967,0.098465967,0.098465967,0.098465967,0.098465967,0.098465967,0.098465967,0.098465967,0.098465967,0.098465967,0.098465967,0.098465967,0.098465967,0.098465967,0.098465967,0.098465967,0.098465967,0.098465967,0.098465967,0.098465967,0.098465967,0.098465967,0.098465967,0.098465967,0.098465967,0.098465967,0.098465967,0.098465967,0.098465967,0.098465967,1.449773219,1.449773219,1.449773219,1.449773219,1.449773219,1.449773219,1.449773219,1.449773219,1.449773219,1.449773219,1.449773219,1.449773219,1.449773219,1.449773219,1.449773219,1.449773219,1.449773219,1.449773219,1.449773219,1.449773219,1.449773219,1.449773219,1.449773219,1.449773219,1.449773219,1.449773219,0.133554709,0.133554709,0.133554709,0.133554709,0.133554709,0.133554709,0.133554709,0.133554709,0.133554709,0.133554709,0.133554709,0.133554709,0.133554709,0.133554709,0.133554709,0.133554709,0.133554709,0.133554709,0.133554709,0.133554709,0.133554709,0.133554709,0.133554709,0.133554709,0.133554709
2019-06-11 17:00:00+00:00,0.509917965,0.509917965,0.509917965,0.509917965,0.509917965,0.509917965,0.509917965,0.509917965,0.509917965,0.509917965,0.509917965,0.509917965,0.509917965,0.509917965,0.509917965,0.509917965,0.509917965,0.509917965,0.509917965,0.509917965,0.509917965,0.509917965,0.509917965,0.509917965,0.509917965,0.509917965,0.509917965,0.509917965,0.509917965,0.509917965,0.509917965,0.509917965,0.509917965,0.509917965,0.509917965,0.509917965,0.509917965,0.509917965,0.509917965,0.509917965,0.509917965,0.509917965,0.509917965,0.509917965,0.509917965,0.509917965,0.509917965,0.509917965,0.509917965,0.953347552,0.953347552,0.953347552,0.953347552,0.953347552,0.953347552,0.953347552,0.953347552,0.953347552,0.953347552,0.953347552,0.953347552,0.953347552,0.953347552,0.953347552,0.953347552,0.953347552,0.953347552,0.953347552,0.953347552,0.953347552,0.953347552,0.953347552,0.953347552,0.953347552,0.953347552,0.1585471,0.1585471,0.1585471,0.1585471,0.1585471,0.1585471,0.1585471,0.1585471,0.1585471,0.1585471,0.1585471,0.1585471,0.1585471,0.1585471,0.1585471,0.1585471,0.1585471,0.1585471,0.1585471,0.1585471,0.1585471,0.1585471,0.1585471,0.1585471,0.1585471
2019-06-11 17:30:00+00:00,0.773533831,0.773533831,0.773533831,0.773533831,0.773533831,0.773533831,0.773533831,0.773533831,0.773533831,0.773533831,0.773533831,0.773533831,0.773533831,0.773533831,0.773533831,0.773533831,0.773533831,0.773533831,0.773533831,0.773533831,0.773533831,0.773533831,0.773533831,0.773533831,0.773533831,0.773533831,0.773533831,0.773533831,0.773533831,0.773533831,0.773533831,0.773533831,0.773533831,0.773533831,0.773533831,0.773533831,0.773533831,0.773533831,0.773533831,0.773533831,0.773533831,0.773533831,0.773533831,0.773533831,0.773533831,0.773533831,0.773533831,0.773533831,0.773533831,0.553334657,0.553334657,0.553334657,0.553334657,0.553334657,0.553334657,0.553334657,0.553334657,0.553334657,0.553334657,0.553334657,0.553334657,0.553334657,0.553334657,0.553334657,0.553334657,0.553334657,0.553334657,0.553334657,0.553334657,0.553334657,0.553334657,0.553334657,0.553334657,0.553334657,0.553334657,0.213773187,0.213773187,0.213773187,0.213773187,0.213773187,0.213773187,0.213773187,0.213773187,0.213773187,0.213773187,0.213773187,0.213773187,0.213773187,0.213773187,0.213773187,0.213773187,0.213773187,0.213773187,0.213773187,0.213773187,0.213773187,0.213773187,0.213773187,0.213773187,0.213773187
2019-06-11 18:00:00+00:00,1.641284679,1.641284679,1.641284679,1.641284679,1.641284679,1.641284679,1.641284679,1.641284679,1.641284679,1.641284679,1.641284679,1.641284679,1.641284679,1.641284679,1.641284679,1.641284679,1.641284679,1.641284679,1.641284679,1.641284679,1.641284679,1.641284679,1.641284679,1.641284679,1.641284679,1.641284679,1.641284679,1.641284679,1.641284679,1.641284679,1.641284679,1.641284679,1.641284679,1.641284679,1.641284679,1.641284679,1.641284679,1.641284679,1.641284679,1.641284679,1.641284679,1.641284679,1.641284679,1.641284679,1.641284679,1.641284679,1.641284679,1.641284679,1.641284679,0.447940157,0.447940157,0.447940157,0.447940157,0.447940157,0.447940157,0.447940157,0.447940157,0.447940157,0.447940157,0.447940157,0.447940157,0.447940157,0.447940157,0.447940157,0.447940157,0.447940157,0.447940157,0.447940157,0.447940157,0.447940157,0.447940157,0.447940157,0.447940157,0.447940157,0.447940157,0.388093176,0.388093176,0.388093176,0.388093176,0.388093176,0.388093176,0.388093176,0.388093176,0.388093176,0.388093176,0.388093176,0.388093176,0.388093176,0.388093176,0.388093176,0.388093176,0.388093176,0.388093176,0.388093176,0.388093176,0.388093176,0.388093176,0.388093176,0.388093176,0.388093176
2019-06-11 18:30:00+00:00,1.432827414,1.432827414,1.432827414,1.432827414,1.432827414,1.432827414,1.432827414,1.432827414,1.432827414,1.432827414,1.432827414,1.432827414,1.432827414,1.432827414,1.432827414,1.432827414,1.432827414,1.432827414,1.432827414,1.432827414,1.432827414,1.432827414,1.432827414,1.432827414,1.432827414,1.432827414,1.432827414,1.432827414,1.432827414,1.432827414,1.432827414,1.432827414,1.432827414,1.432827414,1.432827414,1.432827414,1.432827414,1.432827414,1.432827414,1.432827414,1.432827414,1.432827414,1.432827414,1.432827414,1.432827414,1.432827414,1.432827414,1.432827414,1.432827414,0.400551823,0.400551823,0.400551823,0.400551823,0.400551823,0.400551823,0.400551823,0.400551823,0.400551823,0.400551823,0.400551823,0.400551823,0.400551823,0.400551823,0.400551823,0.400551823,0.400551823,0.400551823,0.400551823,0.400551823,0.400551823,0.400551823,0.400551823,0.400551823,0.400551823,0.400551823,0.372590676,0.372590676,0.372590676,0.372590676,0.372590676,0.372590676,0.372590676,0.372590676,0.372590676,0.372590676,0.372590676,0.372590676,0.372590676,0.372590676,0.372590676,0.372590676,0.372590676,0.372590676,0.372590676,0.372590676,0.372590676,0.372590676,0.372590676,0.372590676,0.372590676
2019-06-11 19:00:00+00:00,1.436563575,1.436563575,1.436563575,1.436563575,1.436563575,1.436563575,1.436563575,1.436563575,1.436563575,1.436563575,1.436563575,1.436563575,1.436563575,1.436563575,1.436563575,1.436563575,1.436563575,1.436563575,1.436563575,1.436563575,1.436563575,1.436563575,1.436563575,1.436563575,1.436563575,1.436563575,1.436563575,1.436563575,1.436563575,1.436563575,1.436563575,1.436563575,1.436563575,1.436563575,1.436563575,1.436563575,1.436563575,1.436563575,1.436563575,1.436563575,1.436563575,1.436563575,1.436563575,1.436563575,1.436563575,1.436563575,1.436563575,1.436563575,1.436563575,0.913132976,0.913132976,0.913132976,0.913132976,0.913132976,0.913132976,0.913132976,0.913132976,0.913132976,0.913132976,0.913132976,0.913132976,0.913132976,0.913132976,0.913132976,0.913132976,0.913132976,0.913132976,0.913132976,0.913132976,0.913132976,0.913132976,0.913132976,0.913132976,0.913132976,0.913132976,0.575848284,0.575848284,0.575848284,0.575848284,0.575848284,0.575848284,0.575848284,0.575848284,0.575848284,0.575848284,0.575848284,0.575848284,0.575848284,0.575848284,0.575848284,0.575848284,0.575848284,0.575848284,0.575848284,0.575848284,0.575848284,0.575848284,0.575848284,0.575848284,0.575848284
2019-06-11 19:30:00+00:00,1.909129876,1.909129876,1.909129876,1.909129876,1.909129876,1.909129876,1.909129876,1.909129876,1.909129876,1.909129876,1.909129876,1.909129876,1.909129876,1.909129876,1.909129876,1.909129876,1.909129876,1.909129876,1.909129876,1.909129876,1.909129876,1.909129876,1.909129876,1.909129876,1.909129876,1.909129876,1.909129876,1.909129876,1.909129876,1.909129876,1.909129876,1.909129876,1.909129876,1.909129876,1.909129876,1.909129876,1.909129876,1.909129876,1.909129876,1.909129876,1.909129876,1.909129876,1.909129876,1.909129876,1.909129876,1.909129876,1.909129876,1.909129876,1.909129876,1.577389942,1.577389942,1.577389942,1.577389942,1.577389942,1.577389942,1.577389942,1.577389942,1.577389942,1.577389942,1.577389942,1.577389942,1.577389942,1.577389942,1.577389942,1.577389942,1.577389942,1.577389942,1.577389942,1.577389942,1.577389942,1.577389942,1.577389942,1.577389942,1.577389942,1.577389942,4.301850172,4.301850172,4.301850172,4.301850172,4.301850172,4.301850172,4.301850172,4.301850172,4.301850172,4.301850172,4.301850172,4.301850172,4.301850172,4.301850172,4.301850172,4.301850172,4.301850172,4.301850172,4.301850172,4.301850172,4.301850172,4.301850172,4.301850172,4.301850172,4.301850172
2019-06-11 20:00:00+00:00,0.631348462,0.631348462,0.631348462,0.631348462,0.631348462,0.631348462,0.631348462,0.631348462,0.631348462,0.631348462,0.631348462,0.631348462,0.631348462,0.631348462,0.631348462,0.631348462,0.631348462,0.631348462,0.631348462,0.631348462,0.631348462,0.631348462,0.631348462,0.631348462,0.631348462,0.631348462,0.631348462,0.631348462,0.631348462,0.631348462,0.631348462,0.631348462,0.631348462,0.631348462,0.631348462,0.631348462,0.631348462,0.631348462,0.631348462,0.631348462,0.631348462,0.631348462,0.631348462,0.631348462,0.631348462,0.631348462,0.631348462,0.631348462,0.631348462,1.290057363,1.290057363,1.290057363,1.290057363,1.290057363,1.290057363,1.290057363,1.290057363,1.290057363,1.290057363,1.290057363,1.290057363,1.290057363,1.290057363,1.290057363,1.290057363,1.290057363,1.290057363,1.290057363,1.290057363,1.290057363,1.290057363,1.290057363,1.290057363,1.290057363,1.290057363,0.606686998,0.606686998,0.606686998,0.606686998,0.606686998,0.606686998,0.606686998,0.606686998,0.606686998,0.606686998,0.606686998,0.606686998,0.606686998,0.606686998,0.606686998,0.606686998,0.606686998,0.606686998,0.606686998,0.606686998,0.606686998,0.606686998,0.606686998,0.606686998,0.606686998
2019-06-11 20:30:00+00:00,0.170905502,0.170905502,0.170905502,0.170905502,0.170905502,0.170905502,0.170905502,0.170905502,0.170905502,0.170905502,0.170905502,0.170905502,0.170905502,0.170905502,0.170905502,0.170905502,0.170905502,0.170905502,0.170905502,0.170905502,0.170905502,0.170905502,0.170905502,0.170905502,0.170905502,0.170905502,0.170905502,0.170905502,0.170905502,0.170905502,0.170905502,0.170905502,0.170905502,0.170905502,0.170905502,0.170905502,0.170905502,0.170905502,0.170905502,0.170905502,0.170905502,0.170905502,0.170905502,0.170905502,0.170905502,0.170905502,0.170905502,0.170905502,0.170905502,1.348425489,1.348425489,1.348425489,1.348425489,1.348425489,1.348425489,1.348425489,1.348425489,1.348425489,1.348425489,1.348425489,1.348425489,1.348425489,1.348425489,1.348425489,1.348425489,1.348425489,1.348425489,1.348425489,1.348425489,1.348425489,1.348425489,1.348425489,1.348425489,1.348425489,1.348425489,0.295773791,0.295773791,0.295773791,0.295773791,0.295773791,0.295773791,0.295773791,0.295773791,0.295773791,0.295773791,0.295773791,0.295773791,0.295773791,0.295773791,0.295773791,0.295773791,0.295773791,0.295773791,0.295773791,0.295773791,0.295773791,0.295773791,0.295773791,0.295773791,0.295773791
2019-06-11 21:00:00+00:00,0.150397286,0.150397286,0.150397286,0.150397286,0.150397286,0.150397286,0.150397286,0.150397286,0.150397286,0.150397286,0.150397286,0.150397286,0.150397286,0.150397286,0.150397286,0.150397286,0.150397286,0.150397286,0.150397286,0.150397286,0.150397286,0.150397286,0.150397286,0.150397286,0.150397286,0.150397286,0.150397286,0.150397286,0.150397286,0.150397286,0.150397286,0.150397286,0.150397286,0.150397286,0.150397286,0.150397286,0.150397286,0.150397286,0.150397286,0.150397286,0.150397286,0.150397286,0.150397286,0.150397286,0.150397286,0.150397286,0.150397286,0.150397286,0.150397286,0.918595566,0.918595566,0.918595566,0.918595566,0.918595566,0.918595566,0.918595566,0.918595566,0.918595566,0.918595566,0.918595566,0.918595566,0.918595566,0.918595566,0.918595566,0.918595566,0.918595566,0.918595566,0.918595566,0.918595566,0.918595566,0.918595566,0.918595566,0.918595566,0.918595566,0.918595566,0.24964902,0.24964902,0.24964902,0.24964902,0.24964902,0.24964902,0.24964902,0.24964902,0.24964902,0.24964902,0.24964902,0.24964902,0.24964902,0.24964902,0.24964902,0.24964902,0.24964902,0.24964902,0.24964902,0.24964902,0.24964902,0.24964902,0.24964902,0.24964902,0.24964902
2019-06-11 21:30:00+00:00,0.170116997,0.170116997,0.170116997,0.170116997,0.170116997,0.170116997,0.170116997,0.170116997,0.170116997,0.170116997,0.170116997,0.170116997,0.170116997,0.170116997,0.170116997,0.170116997,0.170116997,0.170116997,0.170116997,0.170116997,0.170116997,0.170116997,0.170116997,0.170116997,0.170116997,0.170116997,0.170116997,0.170116997,0.170116997,0.170116997,0.170116997,0.170116997,0.170116997,0.170116997,0.170116997,0.170116997,0.170116997,0.170116997,0.170116997,0.170116997,0.170116997,0.170116997,0.170116997,0.170116997,0.170116997,0.170116997,0.170116997,0.170116997,0.170116997,0.079759383,0.079759383,0.079759383,0.079759383,0.079759383,0.079759383,0.079759383,0.079759383,0.079759383,0.079759383,0.079759383,0.079759383,0.079759383,0.079759383,0.079759383,0.079759383,0.079759383,0.079759383,0.079759383,0.079759383,0.079759383,0.079759383,0.079759383,0.079759383,0.079759383,0.079759383,0.143073892,0.143073892,0.143073892,0.143073892,0.143073892,0.143073892,0.143073892,0.143073892,0.143073892,0.143073892,0.143073892,0.143073892,0.143073892,0.143073892,0.143073892,0.143073892,0.143073892,0.143073892,0.143073892,0.143073892,0.143073892,0.143073892,0.143073892,0.143073892,0.143073892
2019-06-11 22:00:00+00:00,0.142896102,0.142896102,0.142896102,0.142896102,0.142896102,0.142896102,0.142896102,0.142896102,0.142896102,0.142896102,0.142896102,0.142896102,0.142896102,0.142896102,0.142896102,0.142896102,0.142896102,0.142896102,0.142896102,0.142896102,0.142896102,0.142896102,0.142896102,0.142896102,0.142896102,0.142896102,0.142896102,0.142896102,0.142896102,0.142896102,0.142896102,0.142896102,0.142896102,0.142896102,0.142896102,0.142896102,0.142896102,0.142896102,0.142896102,0.142896102,0.142896102,0.142896102,0.142896102,0.142896102,0.142896102,0.142896102,0.142896102,0.142896102,0.142896102,0.110483962,0.110483962,0.110483962,0.110483962,0.110483962,0.110483962,0.110483962,0.110483962,0.110483962,0.110483962,0.110483962,0.110483962,0.110483962,0.110483962,0.110483962,0.110483962,0.110483962,0.110483962,0.110483962,0.110483962,0.110483962,0.110483962,0.110483962,0.110483962,0.110483962,0.110483962,0.184653495,0.184653495,0.184653495,0.184653495,0.184653495,0.184653495,0.184653495,0.184653495,0.184653495,0.184653495,0.184653495,0.184653495,0.184653495,0.184653495,0.184653495,0.184653495,0.184653495,0.184653495,0.184653495,0.184653495,0.184653495,0.184653495,0.184653495,0.184653495,0.184653495
2019-06-11 22:30:00+00:00,0.069646821,0.069646821,0.069646821,0.069646821,0.069646821,0.069646821,0.069646821,0.069646821,0.069646821,0.069646821,0.069646821,0.069646821,0.069646821,0.069646821,0.069646821,0.069646821,0.069646821,0.069646821,0.069646821,0.069646821,0.069646821,0.069646821,0.069646821,0.069646821,0.069646821,0.069646821,0.069646821,0.069646821,0.069646821,0.069646821,0.069646821,0.069646821,0.069646821,0.069646821,0.069646821,0.069646821,0.069646821,0.069646821,0.069646821,0.069646821,0.069646821,0.069646821,0.069646821,0.069646821,0.069646821,0.069646821,0.069646821,0.069646821,0.069646821,0.171354301,0.171354301,0.171354301,0.171354301,0.171354301,0.171354301,0.171354301,0.171354301,0.171354301,0.171354301,0.171354301,0.171354301,0.171354301,0.171354301,0.171354301,0.171354301,0.171354301,0.171354301,0.171354301,0.171354301,0.171354301,0.171354301,0.171354301,0.171354301,0.171354301,0.171354301,0.190383304,0.190383304,0.190383304,0.190383304,0.190383304,0.190383304,0.190383304,0.190383304,0.190383304,0.190383304,0.190383304,0.190383304,0.190383304,0.190383304,0.190383304,0.190383304,0.190383304,0.190383304,0.190383304,0.190383304,0.190383304,0.190383304,0.190383304,0.190383304,0.190383304
2019-06-11 23:00:00+00:00,0.079258526,0.079258526,0.079258526,0.079258526,0.079258526,0.079258526,0.079258526,0.079258526,0.079258526,0.079258526,0.079258526,0.079258526,0.079258526,0.079258526,0.079258526,0.079258526,0.079258526,0.079258526,0.079258526,0.079258526,0.079258526,0.079258526,0.079258526,0.079258526,0.079258526,0.079258526,0.079258526,0.079258526,0.079258526,0.079258526,0.079258526,0.079258526,0.079258526,0.079258526,0.079258526,0.079258526,0.079258526,0.079258526,0.079258526,0.079258526,0.079258526,0.079258526,0.079258526,0.079258526,0.079258526,0.079258526,0.079258526,0.079258526,0.079258526,4.336133027,4.336133027,4.336133027,4.336133027,4.336133027,4.336133027,4.336133027,4.336133027,4.336133027,4.336133027,4.336133027,4.336133027,4.336133027,4.336133027,4.336133027,4.336133027,4.336133027,4.336133027,4.336133027,4.336133027,4.336133027,4.336133027,4.336133027,4.336133027,4.336133027,4.336133027,0.163683162,0.163683162,0.163683162,0.163683162,0.163683162,0.163683162,0.163683162,0.163683162,0.163683162,0.163683162,0.163683162,0.163683162,0.163683162,0.163683162,0.163683162,0.163683162,0.163683162,0.163683162,0.163683162,0.163683162,0.163683162,0.163683162,0.163683162,0.163683162,0.163683162
2019-06-11 23:30:00+00:00,0.098610627,0.098610627,0.098610627,0.098610627,0.098610627,0.098610627,0.098610627,0.098610627,0.098610627,0.098610627,0.098610627,0.098610627,0.098610627,0.098610627,0.098610627,0.098610627,0.098610627,0.098610627,0.098610627,0.098610627,0.098610627,0.098610627,0.098610627,0.098610627,0.098610627,0.098610627,0.098610627,0.098610627,0.098610627,0.098610627,0.098610627,0.098610627,0.098610627,0.098610627,0.098610627,0.098610627,0.098610627,0.098610627,0.098610627,0.098610627,0.098610627,0.098610627,0.098610627,0.098610627,0.098610627,0.098610627,0.098610627,0.098610627,0.098610627,0.106170048,0.106170048,0.106170048,0.106170048,0.106170048,0.106170048,0.106170048,0.106170048,0.106170048,0.106170048,0.106170048,0.106170048,0.106170048,0.106170048,0.106170048,0.106170048,0.106170048,0.106170048,0.106170048,0.106170048,0.106170048,0.106170048,0.106170048,0.106170048,0.106170048,0.106170048,0.151439073,0.151439073,0.151439073,0.151439073,0.151439073,0.151439073,0.151439073,0.151439073,0.151439073,0.151439073,0.151439073,0.151439073,0.151439073,0.151439073,0.151439073,0.151439073,0.151439073,0.151439073,0.151439073,0.151439073,0.151439073,0.151439073,0.151439073,0.151439073,0.151439073
